USE limbo;

-- Inserts Ciutat --
INSERT INTO `Ciutat` (`codiCiutat`, `nomCiutat`, `provincia`) VALUES (121, 'East Eliezerborough', 'NewYork');
INSERT INTO `Ciutat` (`codiCiutat`, `nomCiutat`, `provincia`) VALUES (123, 'East Gaetanochester', 'Massachusetts');
INSERT INTO `Ciutat` (`codiCiutat`, `nomCiutat`, `provincia`) VALUES (133, 'Clementmouth', 'NorthCarolina');
INSERT INTO `Ciutat` (`codiCiutat`, `nomCiutat`, `provincia`) VALUES (195, 'Port Gustave', 'Arkansas');
INSERT INTO `Ciutat` (`codiCiutat`, `nomCiutat`, `provincia`) VALUES (198, 'Lake Rebekaville', 'Wyoming');
INSERT INTO `Ciutat` (`codiCiutat`, `nomCiutat`, `provincia`) VALUES (301, 'Port Aubree', 'Kansas');
INSERT INTO `Ciutat` (`codiCiutat`, `nomCiutat`, `provincia`) VALUES (340, 'South Lavinaton', 'Wyoming');
INSERT INTO `Ciutat` (`codiCiutat`, `nomCiutat`, `provincia`) VALUES (380, 'Cotytown', 'Wisconsin');
INSERT INTO `Ciutat` (`codiCiutat`, `nomCiutat`, `provincia`) VALUES (526, 'Lake Nayeli', 'NorthCarolina');
INSERT INTO `Ciutat` (`codiCiutat`, `nomCiutat`, `provincia`) VALUES (565, 'South Shanonshire', 'Mississippi');
INSERT INTO `Ciutat` (`codiCiutat`, `nomCiutat`, `provincia`) VALUES (572, 'South Dallasfort', 'Mississippi');
INSERT INTO `Ciutat` (`codiCiutat`, `nomCiutat`, `provincia`) VALUES (704, 'Stehrbury', 'Montana');
INSERT INTO `Ciutat` (`codiCiutat`, `nomCiutat`, `provincia`) VALUES (726, 'East Davion', 'Arkansas');
INSERT INTO `Ciutat` (`codiCiutat`, `nomCiutat`, `provincia`) VALUES (727, 'Vandervortton', 'Kentucky');
INSERT INTO `Ciutat` (`codiCiutat`, `nomCiutat`, `provincia`) VALUES (780, 'Sanfordbury', 'Indiana');
INSERT INTO `Ciutat` (`codiCiutat`, `nomCiutat`, `provincia`) VALUES (847, 'New Zenahaven', 'Alaska');
INSERT INTO `Ciutat` (`codiCiutat`, `nomCiutat`, `provincia`) VALUES (857, 'Leopoldborough', 'Alabama');
INSERT INTO `Ciutat` (`codiCiutat`, `nomCiutat`, `provincia`) VALUES (867, 'Elenorahaven', 'Texas');
INSERT INTO `Ciutat` (`codiCiutat`, `nomCiutat`, `provincia`) VALUES (963, 'Fabiolaland', 'NewHampshire');
INSERT INTO `Ciutat` (`codiCiutat`, `nomCiutat`, `provincia`) VALUES (972, 'West Winstonmouth', 'Tennessee');

-- Inserts Client --
INSERT INTO `Client` (`numClient`, `nomClient`, `nomUsuari`, `contrasenya`, `correu`) VALUES (60, 'Glennie', 'layla.doyle', '8', 'jkshlerin@hotmail.com');
INSERT INTO `Client` (`numClient`, `nomClient`, `nomUsuari`, `contrasenya`, `correu`) VALUES (82, 'Ericka', 'hilpert.mike', '81673', 'smaggio@gmail.com');
INSERT INTO `Client` (`numClient`, `nomClient`, `nomUsuari`, `contrasenya`, `correu`) VALUES (120, 'Florine', 'cleve61', '', 'maryse.tillman@gmail.com');
INSERT INTO `Client` (`numClient`, `nomClient`, `nomUsuari`, `contrasenya`, `correu`) VALUES (139, 'Myrl', 'waters.elijah', '3637', 'wkuvalis@gmail.com');
INSERT INTO `Client` (`numClient`, `nomClient`, `nomUsuari`, `contrasenya`, `correu`) VALUES (189, 'Jay', 'muhammad.stark', '5550', 'heathcote.michel@yahoo.com');
INSERT INTO `Client` (`numClient`, `nomClient`, `nomUsuari`, `contrasenya`, `correu`) VALUES (322, 'Allison', 'dietrich.bill', '62', 'providenci.gusikowski@hotmail.com');
INSERT INTO `Client` (`numClient`, `nomClient`, `nomUsuari`, `contrasenya`, `correu`) VALUES (396, 'Sigurd', 'jaydon.vonrueden', '863', 'jabernathy@gmail.com');
INSERT INTO `Client` (`numClient`, `nomClient`, `nomUsuari`, `contrasenya`, `correu`) VALUES (447, 'Misael', 'alvera03', '37144', 'corrine.koch@yahoo.com');
INSERT INTO `Client` (`numClient`, `nomClient`, `nomUsuari`, `contrasenya`, `correu`) VALUES (461, 'Rico', 'reymundo.dooley', '', 'herman.muller@yahoo.com');
INSERT INTO `Client` (`numClient`, `nomClient`, `nomUsuari`, `contrasenya`, `correu`) VALUES (515, 'Alvah', 'jeff53', '6683111', 'alvera85@yahoo.com');
INSERT INTO `Client` (`numClient`, `nomClient`, `nomUsuari`, `contrasenya`, `correu`) VALUES (534, 'Ida', 'berniece33', '4', 'doyle.sammie@gmail.com');
INSERT INTO `Client` (`numClient`, `nomClient`, `nomUsuari`, `contrasenya`, `correu`) VALUES (650, 'Luisa', 'bmcclure', '', 'mallie.bashirian@hotmail.com');
INSERT INTO `Client` (`numClient`, `nomClient`, `nomUsuari`, `contrasenya`, `correu`) VALUES (735, 'Chelsey', 'liam77', '797205142', 'hswift@hotmail.com');
INSERT INTO `Client` (`numClient`, `nomClient`, `nomUsuari`, `contrasenya`, `correu`) VALUES (761, 'Palma', 'payton70', '242', 'amiller@gmail.com');
INSERT INTO `Client` (`numClient`, `nomClient`, `nomUsuari`, `contrasenya`, `correu`) VALUES (833, 'Carole', 'bsanford', '', 'rlangosh@hotmail.com');
INSERT INTO `Client` (`numClient`, `nomClient`, `nomUsuari`, `contrasenya`, `correu`) VALUES (885, 'Ernie', 'brad.ebert', '3653', 'josie.lebsack@hotmail.com');
INSERT INTO `Client` (`numClient`, `nomClient`, `nomUsuari`, `contrasenya`, `correu`) VALUES (900, 'Vance', 'feil.golda', '6271218', 'manuela.rolfson@yahoo.com');
INSERT INTO `Client` (`numClient`, `nomClient`, `nomUsuari`, `contrasenya`, `correu`) VALUES (912, 'Emmanuel', 'murl.o\connell', '5701', 'brice.jast@hotmail.com');
INSERT INTO `Client` (`numClient`, `nomClient`, `nomUsuari`, `contrasenya`, `correu`) VALUES (940, 'Rosalia', 'mireya.becker', '', 'kenton.dietrich@yahoo.com');
INSERT INTO `Client` (`numClient`, `nomClient`, `nomUsuari`, `contrasenya`, `correu`) VALUES (993, 'Cecelia', 'karl02', '9', 'rowena.romaguera@yahoo.com');

-- Inserts Adreça --
INSERT INTO `Adreça` (`codiAdreça`, `numClient`, `carrer`, `num`, `codiPostal`, `pis`, `porta`, `codiCiutat`) VALUES (1, 60, 'Roth', 1, '21345', 1, '2j', 121);
INSERT INTO `Adreça` (`codiAdreça`, `numClient`, `carrer`, `num`, `codiPostal`, `pis`, `porta`, `codiCiutat`) VALUES (2, 82, 'Mitchell', 2, '87982', 2, '7n', 123);
INSERT INTO `Adreça` (`codiAdreça`, `numClient`, `carrer`, `num`, `codiPostal`, `pis`, `porta`, `codiCiutat`) VALUES (3, 120, 'Evergreen', 3, '83642', 3, '6a', 133);
INSERT INTO `Adreça` (`codiAdreça`, `numClient`, `carrer`, `num`, `codiPostal`, `pis`, `porta`, `codiCiutat`) VALUES (4, 139, 'Canary', 4, '40817', 4, '1k', 195);
INSERT INTO `Adreça` (`codiAdreça`, `numClient`, `carrer`, `num`, `codiPostal`, `pis`, `porta`, `codiCiutat`) VALUES (5, 189, 'Buell', 5, '65980', 5, '3e', 198);
INSERT INTO `Adreça` (`codiAdreça`, `numClient`, `carrer`, `num`, `codiPostal`, `pis`, `porta`, `codiCiutat`) VALUES (6, 322, 'Waywood', 6, '07560', 6, '6y', 301);
INSERT INTO `Adreça` (`codiAdreça`, `numClient`, `carrer`, `num`, `codiPostal`, `pis`, `porta`, `codiCiutat`) VALUES (7, 396, 'Graceland', 7, '76324', 7, '1o', 340);
INSERT INTO `Adreça` (`codiAdreça`, `numClient`, `carrer`, `num`, `codiPostal`, `pis`, `porta`, `codiCiutat`) VALUES (8, 447, 'Stephen', 8, '25678', 8, '7s', 380);
INSERT INTO `Adreça` (`codiAdreça`, `numClient`, `carrer`, `num`, `codiPostal`, `pis`, `porta`, `codiCiutat`) VALUES (9, 461, 'Stang', 9, '18247', 9, '5i', 526);
INSERT INTO `Adreça` (`codiAdreça`, `numClient`, `carrer`, `num`, `codiPostal`, `pis`, `porta`, `codiCiutat`) VALUES (10, 515, 'Center', 10, '16452', 10, '6i', 565);
INSERT INTO `Adreça` (`codiAdreça`, `numClient`, `carrer`, `num`, `codiPostal`, `pis`, `porta`, `codiCiutat`) VALUES (11, 534, 'Scofield', 11, '62056', 11, '8z', 572);
INSERT INTO `Adreça` (`codiAdreça`, `numClient`, `carrer`, `num`, `codiPostal`, `pis`, `porta`, `codiCiutat`) VALUES (12, 650, 'Dakota', 12, '9211', 12, '8l', 704);
INSERT INTO `Adreça` (`codiAdreça`, `numClient`, `carrer`, `num`, `codiPostal`, `pis`, `porta`, `codiCiutat`) VALUES (13, 735, 'Fairview', 13, '35590000', 13, '4k', 726);
INSERT INTO `Adreça` (`codiAdreça`, `numClient`, `carrer`, `num`, `codiPostal`, `pis`, `porta`, `codiCiutat`) VALUES (14, 761, 'Bultman', 14, '4206', 14, '3z', 727);
INSERT INTO `Adreça` (`codiAdreça`, `numClient`, `carrer`, `num`, `codiPostal`, `pis`, `porta`, `codiCiutat`) VALUES (15, 833, 'Grover', 15, '24956', 15, '4d', 780);
INSERT INTO `Adreça` (`codiAdreça`, `numClient`, `carrer`, `num`, `codiPostal`, `pis`, `porta`, `codiCiutat`) VALUES (16, 885, 'La Follette', 16, '3105', 16, '7m', 847);
INSERT INTO `Adreça` (`codiAdreça`, `numClient`, `carrer`, `num`, `codiPostal`, `pis`, `porta`, `codiCiutat`) VALUES (17, 900, 'Commercial', 17, '53580', 17, '6j', 857);
INSERT INTO `Adreça` (`codiAdreça`, `numClient`, `carrer`, `num`, `codiPostal`, `pis`, `porta`, `codiCiutat`) VALUES (18, 912, 'Brickson Park', 18, '18290', 18, '3x', 867);
INSERT INTO `Adreça` (`codiAdreça`, `numClient`, `carrer`, `num`, `codiPostal`, `pis`, `porta`, `codiCiutat`) VALUES (19, 940, 'Bartillon', 19, '44001', 19, '1w', 963);
INSERT INTO `Adreça` (`codiAdreça`, `numClient`, `carrer`, `num`, `codiPostal`, `pis`, `porta`, `codiCiutat`) VALUES (20, 993, 'Northridge', 20, '524039', 20, '3r', 972);

-- Inserts Particulars --
INSERT INTO `Particulars` (`Nif`, `numClient`, `dataNaix`) VALUES (355682, 761, '2016-10-02');
INSERT INTO `Particulars` (`Nif`, `numClient`, `dataNaix`) VALUES (5256620, 447, '1995-12-23');
INSERT INTO `Particulars` (`Nif`, `numClient`, `dataNaix`) VALUES (6261876, 534, '1997-02-16');
INSERT INTO `Particulars` (`Nif`, `numClient`, `dataNaix`) VALUES (16031812, 650, '1974-05-29');
INSERT INTO `Particulars` (`Nif`, `numClient`, `dataNaix`) VALUES (37184098, 833, '2017-03-19');
INSERT INTO `Particulars` (`Nif`, `numClient`, `dataNaix`) VALUES (38332231, 885, '2017-01-26');
INSERT INTO `Particulars` (`Nif`, `numClient`, `dataNaix`) VALUES (40543099, 461, '1979-07-03');
INSERT INTO `Particulars` (`Nif`, `numClient`, `dataNaix`) VALUES (48461128, 322, '2016-09-16');
INSERT INTO `Particulars` (`Nif`, `numClient`, `dataNaix`) VALUES (63680950, 900, '2003-07-17');
INSERT INTO `Particulars` (`Nif`, `numClient`, `dataNaix`) VALUES (69021139, 912, '2013-11-08');
INSERT INTO `Particulars` (`Nif`, `numClient`, `dataNaix`) VALUES (70322666, 940, '1980-01-08');
INSERT INTO `Particulars` (`Nif`, `numClient`, `dataNaix`) VALUES (70809850, 396, '1985-02-04');
INSERT INTO `Particulars` (`Nif`, `numClient`, `dataNaix`) VALUES (71234552, 735, '2007-12-21');
INSERT INTO `Particulars` (`Nif`, `numClient`, `dataNaix`) VALUES (72580063, 515, '2018-12-11');
INSERT INTO `Particulars` (`Nif`, `numClient`, `dataNaix`) VALUES (86641540, 993, '1990-09-07');

-- Inserts Empreses --
INSERT INTO `Empreses` (`Cif`, `numClient`, `activitat`) VALUES (27129321, 139, 'Magni ad qui voluptatem veniam voluptas');
INSERT INTO `Empreses` (`Cif`, `numClient`, `activitat`) VALUES (71373596, 60, 'Accusamus et ut nobis omnis quasi id qui');
INSERT INTO `Empreses` (`Cif`, `numClient`, `activitat`) VALUES (84540394, 82, 'Autem sit deserunt aut numquam voluptas');
INSERT INTO `Empreses` (`Cif`, `numClient`, `activitat`) VALUES (95386413, 120, 'Velit quia sed est.');
INSERT INTO `Empreses` (`Cif`, `numClient`, `activitat`) VALUES (98059756, 189, 'Fuga repellendus tenetur fuga provident');

-- Inserts Targetes --
INSERT INTO `Targeta` (`numeroTargeta`, `tipus`, `caducitat`, `codiSeguretat`, `numClient`) VALUES (15767165, 'Visa', '1985-01-12', 4845, 447);
INSERT INTO `Targeta` (`numeroTargeta`, `tipus`, `caducitat`, `codiSeguretat`, `numClient`) VALUES (279649835, 'Visa', '1975-03-15', 7518, 139);
INSERT INTO `Targeta` (`numeroTargeta`, `tipus`, `caducitat`, `codiSeguretat`, `numClient`) VALUES (296227265, 'Visa', '2011-10-16', 1501, 650);
INSERT INTO `Targeta` (`numeroTargeta`, `tipus`, `caducitat`, `codiSeguretat`, `numClient`) VALUES (305969700, 'Visa', '1995-10-01', 5860, 515);
INSERT INTO `Targeta` (`numeroTargeta`, `tipus`, `caducitat`, `codiSeguretat`, `numClient`) VALUES (394592831, 'Visa', '1977-10-13', 4397, 735);
INSERT INTO `Targeta` (`numeroTargeta`, `tipus`, `caducitat`, `codiSeguretat`, `numClient`) VALUES (396609443, 'Visa', '2021-11-23', 6295, 650);
INSERT INTO `Targeta` (`numeroTargeta`, `tipus`, `caducitat`, `codiSeguretat`, `numClient`) VALUES (414275425, 'Visa', '2009-03-25', 5966, 833);
INSERT INTO `Targeta` (`numeroTargeta`, `tipus`, `caducitat`, `codiSeguretat`, `numClient`) VALUES (418967184, 'Visa', '1973-04-12', 1365, 447);
INSERT INTO `Targeta` (`numeroTargeta`, `tipus`, `caducitat`, `codiSeguretat`, `numClient`) VALUES (473060701, 'Visa', '1986-04-29', 2215, 189);
INSERT INTO `Targeta` (`numeroTargeta`, `tipus`, `caducitat`, `codiSeguretat`, `numClient`) VALUES (621614952, 'Visa', '1981-11-29', 5352, 993);
INSERT INTO `Targeta` (`numeroTargeta`, `tipus`, `caducitat`, `codiSeguretat`, `numClient`) VALUES (641381045, 'Visa', '1982-01-13', 3124, 139);
INSERT INTO `Targeta` (`numeroTargeta`, `tipus`, `caducitat`, `codiSeguretat`, `numClient`) VALUES (1009346078, 'Visa', '2016-08-21', 4598, 461);
INSERT INTO `Targeta` (`numeroTargeta`, `tipus`, `caducitat`, `codiSeguretat`, `numClient`) VALUES (1179762348, 'Visa', '1976-07-17', 3496, 396);
INSERT INTO `Targeta` (`numeroTargeta`, `tipus`, `caducitat`, `codiSeguretat`, `numClient`) VALUES (1217217530, 'MasterCard', '2010-11-10', 9819, 833);
INSERT INTO `Targeta` (`numeroTargeta`, `tipus`, `caducitat`, `codiSeguretat`, `numClient`) VALUES (1237709015, 'MasterCard', '1992-07-21', 4164, 82);
INSERT INTO `Targeta` (`numeroTargeta`, `tipus`, `caducitat`, `codiSeguretat`, `numClient`) VALUES (1276263675, 'MasterCard', '1991-09-07', 4888, 515);
INSERT INTO `Targeta` (`numeroTargeta`, `tipus`, `caducitat`, `codiSeguretat`, `numClient`) VALUES (1416382327, 'MasterCard', '1977-05-27', 7440, 120);
INSERT INTO `Targeta` (`numeroTargeta`, `tipus`, `caducitat`, `codiSeguretat`, `numClient`) VALUES (1419316080, 'MasterCard', '2002-10-17', 5187, 940);
INSERT INTO `Targeta` (`numeroTargeta`, `tipus`, `caducitat`, `codiSeguretat`, `numClient`) VALUES (1471056266, 'MasterCard', '1992-02-17', 9476, 120);
INSERT INTO `Targeta` (`numeroTargeta`, `tipus`, `caducitat`, `codiSeguretat`, `numClient`) VALUES (1677224657, 'MasterCard', '1983-05-05', 1392, 396);
INSERT INTO `Targeta` (`numeroTargeta`, `tipus`, `caducitat`, `codiSeguretat`, `numClient`) VALUES (1807598239, 'MasterCard', '1988-07-28', 3671, 461);
INSERT INTO `Targeta` (`numeroTargeta`, `tipus`, `caducitat`, `codiSeguretat`, `numClient`) VALUES (1823227494, 'MasterCard', '1981-09-01', 7176, 396);
INSERT INTO `Targeta` (`numeroTargeta`, `tipus`, `caducitat`, `codiSeguretat`, `numClient`) VALUES (1912459742, 'MasterCard', '1996-10-17', 9934, 139);
INSERT INTO `Targeta` (`numeroTargeta`, `tipus`, `caducitat`, `codiSeguretat`, `numClient`) VALUES (2076792960, 'MasterCard', '2012-06-24', 2124, 60);
INSERT INTO `Targeta` (`numeroTargeta`, `tipus`, `caducitat`, `codiSeguretat`, `numClient`) VALUES (2101562752, 'MasterCard', '1974-12-27', 8502, 534);
INSERT INTO `Targeta` (`numeroTargeta`, `tipus`, `caducitat`, `codiSeguretat`, `numClient`) VALUES (2147483647, 'MasterCard', '1994-08-12', 6947, 60);

-- Insert Compra --
INSERT INTO `Compra` (`codiCompra`, `data`, `numeroTargeta`) VALUES (8108, '2011-10-02', 1419316080);
INSERT INTO `Compra` (`codiCompra`, `data`, `numeroTargeta`) VALUES (57432, '1982-08-18', 418967184);
INSERT INTO `Compra` (`codiCompra`, `data`, `numeroTargeta`) VALUES (89942, '1981-09-03', 1276263675);
INSERT INTO `Compra` (`codiCompra`, `data`, `numeroTargeta`) VALUES (105656, '1987-07-23', 1237709015);
INSERT INTO `Compra` (`codiCompra`, `data`, `numeroTargeta`) VALUES (193103, '2005-04-20', 279649835);
INSERT INTO `Compra` (`codiCompra`, `data`, `numeroTargeta`) VALUES (258405, '2016-06-14', 1471056266);
INSERT INTO `Compra` (`codiCompra`, `data`, `numeroTargeta`) VALUES (332235, '2014-06-22', 1179762348);
INSERT INTO `Compra` (`codiCompra`, `data`, `numeroTargeta`) VALUES (393857, '1992-10-11', 1217217530);
INSERT INTO `Compra` (`codiCompra`, `data`, `numeroTargeta`) VALUES (642609, '2012-10-13', 641381045);
INSERT INTO `Compra` (`codiCompra`, `data`, `numeroTargeta`) VALUES (644408, '2018-08-30', 1217217530);
INSERT INTO `Compra` (`codiCompra`, `data`, `numeroTargeta`) VALUES (665205, '2007-11-18', 1009346078);
INSERT INTO `Compra` (`codiCompra`, `data`, `numeroTargeta`) VALUES (673150, '2013-04-26', 1416382327);
INSERT INTO `Compra` (`codiCompra`, `data`, `numeroTargeta`) VALUES (673944, '1999-02-14', 15767165);
INSERT INTO `Compra` (`codiCompra`, `data`, `numeroTargeta`) VALUES (720808, '1977-07-10', 305969700);
INSERT INTO `Compra` (`codiCompra`, `data`, `numeroTargeta`) VALUES (781522, '1972-08-04', 414275425);
INSERT INTO `Compra` (`codiCompra`, `data`, `numeroTargeta`) VALUES (782726, '1993-06-13', 621614952);
INSERT INTO `Compra` (`codiCompra`, `data`, `numeroTargeta`) VALUES (846036, '2014-09-02', 396609443);
INSERT INTO `Compra` (`codiCompra`, `data`, `numeroTargeta`) VALUES (879862, '1971-03-07', 296227265);
INSERT INTO `Compra` (`codiCompra`, `data`, `numeroTargeta`) VALUES (941437, '1988-07-31', 473060701);
INSERT INTO `Compra` (`codiCompra`, `data`, `numeroTargeta`) VALUES (948405, '1981-08-01', 1677224657);


-- Insert Producte --
INSERT INTO `Producte` (`codiProducte`, `descripcio`, `unitatMesura`, `pes`, `marca`, `PVP`, `IVA`) VALUES ('0100ues', 'Nostrum quo dolore vel quod in perferendis explicabo.', 'quo', 70, 'culpa', 36, 22);
INSERT INTO `Producte` (`codiProducte`, `descripcio`, `unitatMesura`, `pes`, `marca`, `PVP`, `IVA`) VALUES ('0134dpo', 'Velit iste deserunt quis ut expedita dicta.', 'eum', 94, 'blanditiis', 99, 12);
INSERT INTO `Producte` (`codiProducte`, `descripcio`, `unitatMesura`, `pes`, `marca`, `PVP`, `IVA`) VALUES ('0177res', 'Aperiam architecto labore alias nihil.', 'ad', 81, 'ex', 74, 14);
INSERT INTO `Producte` (`codiProducte`, `descripcio`, `unitatMesura`, `pes`, `marca`, `PVP`, `IVA`) VALUES ('0187blb', 'Ducimus nam distinctio et in autem corporis.', 'iste', 61, 'et', 63, 14);
INSERT INTO `Producte` (`codiProducte`, `descripcio`, `unitatMesura`, `pes`, `marca`, `PVP`, `IVA`) VALUES ('0271sfc', 'Aut voluptates at expedita excepturi ut quas est.', 'et', 64, 'natus', 40, 24);
INSERT INTO `Producte` (`codiProducte`, `descripcio`, `unitatMesura`, `pes`, `marca`, `PVP`, `IVA`) VALUES ('0286yxc', 'Reprehenderit dolore sed est ut quo exercitationem exercitationem.', 'omnis', 21, 'voluptatem', 97, 19);
INSERT INTO `Producte` (`codiProducte`, `descripcio`, `unitatMesura`, `pes`, `marca`, `PVP`, `IVA`) VALUES ('0446qit', 'Porro sint provident libero maiores qui animi.', 'nostrum', 90, 'enim', 51, 17);
INSERT INTO `Producte` (`codiProducte`, `descripcio`, `unitatMesura`, `pes`, `marca`, `PVP`, `IVA`) VALUES ('0715kib', 'Aut in aut quia voluptatem.', 'hic', 43, 'mollitia', 5, 11);
INSERT INTO `Producte` (`codiProducte`, `descripcio`, `unitatMesura`, `pes`, `marca`, `PVP`, `IVA`) VALUES ('0903myq', 'Omnis quis nihil molestias.', 'laudantium', 84, 'provident', 53, 15);
INSERT INTO `Producte` (`codiProducte`, `descripcio`, `unitatMesura`, `pes`, `marca`, `PVP`, `IVA`) VALUES ('0940zxm', 'Illo et omnis earum voluptates ipsa molestiae quia.', 'quae', 84, 'velit', 62, 13);
INSERT INTO `Producte` (`codiProducte`, `descripcio`, `unitatMesura`, `pes`, `marca`, `PVP`, `IVA`) VALUES ('1080zxq', 'Pariatur doloremque alias autem sapiente incidunt ab sunt.', 'dolores', 36, 'architecto', 93, 21);
INSERT INTO `Producte` (`codiProducte`, `descripcio`, `unitatMesura`, `pes`, `marca`, `PVP`, `IVA`) VALUES ('1123lgf', 'Est ipsum asperiores sed natus totam unde consequuntur.', 'similique', 13, 'et', 52, 5);
INSERT INTO `Producte` (`codiProducte`, `descripcio`, `unitatMesura`, `pes`, `marca`, `PVP`, `IVA`) VALUES ('1142qkv', 'Mollitia itaque quod nobis quia quibusdam.', 'rerum', 60, 'cumque', 37, 20);
INSERT INTO `Producte` (`codiProducte`, `descripcio`, `unitatMesura`, `pes`, `marca`, `PVP`, `IVA`) VALUES ('1289lsf', 'Perferendis commodi vitae exercitationem unde ea dolores.', 'commodi', 9, 'ex', 11, 11);
INSERT INTO `Producte` (`codiProducte`, `descripcio`, `unitatMesura`, `pes`, `marca`, `PVP`, `IVA`) VALUES ('1349vlo', 'Explicabo quibusdam ut placeat et quod magnam qui modi.', 'blanditiis', 41, 'et', 12, 9);
INSERT INTO `Producte` (`codiProducte`, `descripcio`, `unitatMesura`, `pes`, `marca`, `PVP`, `IVA`) VALUES ('1541zgi', 'Et hic et et quia et.', 'est', 38, 'natus', 48, 25);
INSERT INTO `Producte` (`codiProducte`, `descripcio`, `unitatMesura`, `pes`, `marca`, `PVP`, `IVA`) VALUES ('1699pru', 'Eligendi enim rerum ex velit delectus.', 'beatae', 62, 'odio', 9, 21);
INSERT INTO `Producte` (`codiProducte`, `descripcio`, `unitatMesura`, `pes`, `marca`, `PVP`, `IVA`) VALUES ('1727azk', 'Sequi mollitia cum et aut aspernatur nulla officia.', 'laboriosam', 27, 'debitis', 50, 8);
INSERT INTO `Producte` (`codiProducte`, `descripcio`, `unitatMesura`, `pes`, `marca`, `PVP`, `IVA`) VALUES ('1759las', 'Aut asperiores quo ut quis eligendi repellat quis.', 'voluptas', 31, 'doloribus', 37, 20);
INSERT INTO `Producte` (`codiProducte`, `descripcio`, `unitatMesura`, `pes`, `marca`, `PVP`, `IVA`) VALUES ('1798ejb', 'Accusamus quia sint est sunt culpa ducimus adipisci.', 'aut', 12, 'distinctio', 5, 21);
INSERT INTO `Producte` (`codiProducte`, `descripcio`, `unitatMesura`, `pes`, `marca`, `PVP`, `IVA`) VALUES ('1803tcn', 'Deleniti dolor necessitatibus facilis eos.', 'ut', 14, 'nesciunt', 30, 15);
INSERT INTO `Producte` (`codiProducte`, `descripcio`, `unitatMesura`, `pes`, `marca`, `PVP`, `IVA`) VALUES ('1875mfe', 'Voluptate occaecati doloribus a facilis quia tempore.', 'id', 26, 'impedit', 32, 6);
INSERT INTO `Producte` (`codiProducte`, `descripcio`, `unitatMesura`, `pes`, `marca`, `PVP`, `IVA`) VALUES ('1893bbp', 'Veniam consequatur aut sit eum quia et.', 'repudiandae', 13, 'provident', 82, 25);
INSERT INTO `Producte` (`codiProducte`, `descripcio`, `unitatMesura`, `pes`, `marca`, `PVP`, `IVA`) VALUES ('1930ziq', 'Reprehenderit natus facilis a nam.', 'et', 18, 'dolorum', 15, 22);
INSERT INTO `Producte` (`codiProducte`, `descripcio`, `unitatMesura`, `pes`, `marca`, `PVP`, `IVA`) VALUES ('2012rlm', 'Voluptatem aut odio omnis quidem consequuntur consequatur velit.', 'sed', 2, 'quis', 27, 5);
INSERT INTO `Producte` (`codiProducte`, `descripcio`, `unitatMesura`, `pes`, `marca`, `PVP`, `IVA`) VALUES ('2056vwi', 'Ipsum earum voluptas nesciunt omnis magnam.', 'nihil', 10, 'veritatis', 15, 24);
INSERT INTO `Producte` (`codiProducte`, `descripcio`, `unitatMesura`, `pes`, `marca`, `PVP`, `IVA`) VALUES ('2107cfu', 'Voluptatem sint maiores vitae est cupiditate dolores voluptas adipisci.', 'voluptate', 22, 'voluptatum', 49, 25);
INSERT INTO `Producte` (`codiProducte`, `descripcio`, `unitatMesura`, `pes`, `marca`, `PVP`, `IVA`) VALUES ('2265ncd', 'Tenetur est occaecati ab dolor.', 'nihil', 74, 'nostrum', 46, 6);
INSERT INTO `Producte` (`codiProducte`, `descripcio`, `unitatMesura`, `pes`, `marca`, `PVP`, `IVA`) VALUES ('2338gqg', 'Illo voluptatum dolorum qui rem.', 'beatae', 13, 'sapiente', 47, 6);
INSERT INTO `Producte` (`codiProducte`, `descripcio`, `unitatMesura`, `pes`, `marca`, `PVP`, `IVA`) VALUES ('2346koy', 'Inventore pariatur nisi atque perferendis tempora.', 'aut', 83, 'animi', 4, 8);
INSERT INTO `Producte` (`codiProducte`, `descripcio`, `unitatMesura`, `pes`, `marca`, `PVP`, `IVA`) VALUES ('2385wdo', 'Quisquam eum reiciendis esse est.', 'consequuntur', 44, 'quia', 82, 10);
INSERT INTO `Producte` (`codiProducte`, `descripcio`, `unitatMesura`, `pes`, `marca`, `PVP`, `IVA`) VALUES ('2393jxr', 'Qui voluptas dolores tempora in corrupti error animi laudantium.', 'at', 44, 'praesentium', 97, 18);
INSERT INTO `Producte` (`codiProducte`, `descripcio`, `unitatMesura`, `pes`, `marca`, `PVP`, `IVA`) VALUES ('2399uvg', 'Quo ea rerum eius rem fugit est vel.', 'est', 79, 'aut', 97, 13);
INSERT INTO `Producte` (`codiProducte`, `descripcio`, `unitatMesura`, `pes`, `marca`, `PVP`, `IVA`) VALUES ('2453lxd', 'Aspernatur odio veritatis ex tenetur.', 'est', 75, 'veritatis', 64, 18);
INSERT INTO `Producte` (`codiProducte`, `descripcio`, `unitatMesura`, `pes`, `marca`, `PVP`, `IVA`) VALUES ('2510vir', 'Ducimus numquam occaecati et autem officiis necessitatibus consectetur mollitia.', 'doloremque', 64, 'repellat', 25, 24);
INSERT INTO `Producte` (`codiProducte`, `descripcio`, `unitatMesura`, `pes`, `marca`, `PVP`, `IVA`) VALUES ('2537uab', 'Iste vel consequatur fugiat et voluptatem deleniti atque fugit.', 'dicta', 26, 'omnis', 17, 17);
INSERT INTO `Producte` (`codiProducte`, `descripcio`, `unitatMesura`, `pes`, `marca`, `PVP`, `IVA`) VALUES ('2785yjx', 'Laborum beatae qui earum velit facere.', 'debitis', 80, 'sunt', 14, 22);
INSERT INTO `Producte` (`codiProducte`, `descripcio`, `unitatMesura`, `pes`, `marca`, `PVP`, `IVA`) VALUES ('2865nke', 'Pariatur esse praesentium nemo enim dolor fuga ad.', 'voluptatem', 98, 'reiciendis', 17, 10);
INSERT INTO `Producte` (`codiProducte`, `descripcio`, `unitatMesura`, `pes`, `marca`, `PVP`, `IVA`) VALUES ('2879sol', 'Sit ratione ipsa hic suscipit.', 'at', 4, 'reprehenderit', 9, 17);
INSERT INTO `Producte` (`codiProducte`, `descripcio`, `unitatMesura`, `pes`, `marca`, `PVP`, `IVA`) VALUES ('2937lli', 'Reprehenderit ut doloremque et facilis qui ipsa error rerum.', 'et', 30, 'magnam', 2, 11);
INSERT INTO `Producte` (`codiProducte`, `descripcio`, `unitatMesura`, `pes`, `marca`, `PVP`, `IVA`) VALUES ('2952nlk', 'Est ex ut ullam corporis.', 'unde', 71, 'quibusdam', 10, 15);
INSERT INTO `Producte` (`codiProducte`, `descripcio`, `unitatMesura`, `pes`, `marca`, `PVP`, `IVA`) VALUES ('3210qby', 'Nemo commodi pariatur ut ea.', 'deserunt', 40, 'dolores', 94, 13);
INSERT INTO `Producte` (`codiProducte`, `descripcio`, `unitatMesura`, `pes`, `marca`, `PVP`, `IVA`) VALUES ('3243ebe', 'Sed quo maxime est quasi incidunt.', 'et', 64, 'facere', 34, 5);
INSERT INTO `Producte` (`codiProducte`, `descripcio`, `unitatMesura`, `pes`, `marca`, `PVP`, `IVA`) VALUES ('3285jub', 'Tempore quasi sed cupiditate ea fugit.', 'illo', 4, 'labore', 63, 21);
INSERT INTO `Producte` (`codiProducte`, `descripcio`, `unitatMesura`, `pes`, `marca`, `PVP`, `IVA`) VALUES ('3429hzw', 'Culpa eaque maiores aliquid optio sunt et modi.', 'ab', 57, 'est', 3, 25);
INSERT INTO `Producte` (`codiProducte`, `descripcio`, `unitatMesura`, `pes`, `marca`, `PVP`, `IVA`) VALUES ('3440hjc', 'Itaque omnis quas eius tenetur sed ut.', 'aut', 34, 'aliquid', 12, 9);
INSERT INTO `Producte` (`codiProducte`, `descripcio`, `unitatMesura`, `pes`, `marca`, `PVP`, `IVA`) VALUES ('3443oli', 'Quod nulla voluptatem velit nam.', 'consequuntur', 17, 'in', 52, 24);
INSERT INTO `Producte` (`codiProducte`, `descripcio`, `unitatMesura`, `pes`, `marca`, `PVP`, `IVA`) VALUES ('3496jfo', 'Occaecati recusandae cupiditate optio architecto qui aliquid repellat.', 'amet', 34, 'magni', 68, 18);
INSERT INTO `Producte` (`codiProducte`, `descripcio`, `unitatMesura`, `pes`, `marca`, `PVP`, `IVA`) VALUES ('3551cdu', 'In illo perferendis consequatur nesciunt quia quod exercitationem.', 'soluta', 60, 'aliquam', 98, 18);
INSERT INTO `Producte` (`codiProducte`, `descripcio`, `unitatMesura`, `pes`, `marca`, `PVP`, `IVA`) VALUES ('3684gwl', 'Nobis expedita incidunt delectus natus sunt quidem vel.', 'et', 73, 'pariatur', 70, 20);
INSERT INTO `Producte` (`codiProducte`, `descripcio`, `unitatMesura`, `pes`, `marca`, `PVP`, `IVA`) VALUES ('3741wiw', 'Rerum est sapiente sed dolor rerum autem repellendus.', 'ea', 20, 'ullam', 32, 18);
INSERT INTO `Producte` (`codiProducte`, `descripcio`, `unitatMesura`, `pes`, `marca`, `PVP`, `IVA`) VALUES ('3965kef', 'Laborum non eveniet sed excepturi quia doloremque.', 'dolorem', 27, 'neque', 19, 21);
INSERT INTO `Producte` (`codiProducte`, `descripcio`, `unitatMesura`, `pes`, `marca`, `PVP`, `IVA`) VALUES ('4071ejl', 'Ut ut voluptatibus facere aliquid.', 'molestiae', 51, 'dolore', 45, 17);
INSERT INTO `Producte` (`codiProducte`, `descripcio`, `unitatMesura`, `pes`, `marca`, `PVP`, `IVA`) VALUES ('4268nnk', 'Perferendis quasi dolores ratione ipsam porro adipisci rem.', 'molestiae', 92, 'repellendus', 46, 18);
INSERT INTO `Producte` (`codiProducte`, `descripcio`, `unitatMesura`, `pes`, `marca`, `PVP`, `IVA`) VALUES ('4397phk', 'Quasi laboriosam qui qui non.', 'omnis', 28, 'debitis', 61, 10);
INSERT INTO `Producte` (`codiProducte`, `descripcio`, `unitatMesura`, `pes`, `marca`, `PVP`, `IVA`) VALUES ('4502inm', 'Culpa eum libero voluptatem iste.', 'quae', 26, 'veniam', 87, 16);
INSERT INTO `Producte` (`codiProducte`, `descripcio`, `unitatMesura`, `pes`, `marca`, `PVP`, `IVA`) VALUES ('4512exi', 'Omnis quidem qui incidunt eum rerum ea.', 'ut', 39, 'dolorem', 44, 16);
INSERT INTO `Producte` (`codiProducte`, `descripcio`, `unitatMesura`, `pes`, `marca`, `PVP`, `IVA`) VALUES ('4516kps', 'Maiores officia ab ut minus voluptatem perferendis.', 'vel', 9, 'corporis', 83, 21);
INSERT INTO `Producte` (`codiProducte`, `descripcio`, `unitatMesura`, `pes`, `marca`, `PVP`, `IVA`) VALUES ('4783wxf', 'Quo ut ut amet vel sit.', 'illum', 59, 'accusantium', 13, 8);
INSERT INTO `Producte` (`codiProducte`, `descripcio`, `unitatMesura`, `pes`, `marca`, `PVP`, `IVA`) VALUES ('5124wmt', 'Voluptas possimus harum repellendus dolorem.', 'minima', 49, 'pariatur', 80, 10);
INSERT INTO `Producte` (`codiProducte`, `descripcio`, `unitatMesura`, `pes`, `marca`, `PVP`, `IVA`) VALUES ('5176wpx', 'Ad facilis officiis provident omnis harum nisi quasi vel.', 'consequatur', 33, 'eius', 77, 19);
INSERT INTO `Producte` (`codiProducte`, `descripcio`, `unitatMesura`, `pes`, `marca`, `PVP`, `IVA`) VALUES ('5177vrd', 'Necessitatibus nobis ab vero voluptates maxime atque enim.', 'fugiat', 33, 'reiciendis', 62, 5);
INSERT INTO `Producte` (`codiProducte`, `descripcio`, `unitatMesura`, `pes`, `marca`, `PVP`, `IVA`) VALUES ('5778cae', 'Sint natus et consequatur.', 'beatae', 90, 'sit', 33, 11);
INSERT INTO `Producte` (`codiProducte`, `descripcio`, `unitatMesura`, `pes`, `marca`, `PVP`, `IVA`) VALUES ('5800pco', 'In rerum et voluptates.', 'quasi', 49, 'accusantium', 2, 17);
INSERT INTO `Producte` (`codiProducte`, `descripcio`, `unitatMesura`, `pes`, `marca`, `PVP`, `IVA`) VALUES ('6131suk', 'Repellat tempore harum ipsa deserunt.', 'fugiat', 88, 'excepturi', 53, 13);
INSERT INTO `Producte` (`codiProducte`, `descripcio`, `unitatMesura`, `pes`, `marca`, `PVP`, `IVA`) VALUES ('6139mjl', 'Dolor earum et recusandae odio officiis quos consequatur placeat.', 'debitis', 67, 'quidem', 49, 20);
INSERT INTO `Producte` (`codiProducte`, `descripcio`, `unitatMesura`, `pes`, `marca`, `PVP`, `IVA`) VALUES ('6140lbr', 'Aut vitae quo rerum praesentium aut provident nihil vitae.', 'numquam', 34, 'autem', 49, 15);
INSERT INTO `Producte` (`codiProducte`, `descripcio`, `unitatMesura`, `pes`, `marca`, `PVP`, `IVA`) VALUES ('6184lrp', 'Assumenda laudantium sequi doloribus.', 'vel', 53, 'blanditiis', 51, 25);
INSERT INTO `Producte` (`codiProducte`, `descripcio`, `unitatMesura`, `pes`, `marca`, `PVP`, `IVA`) VALUES ('6216pha', 'Non et sed culpa molestias veniam.', 'voluptates', 10, 'quis', 76, 22);
INSERT INTO `Producte` (`codiProducte`, `descripcio`, `unitatMesura`, `pes`, `marca`, `PVP`, `IVA`) VALUES ('6706lkc', 'Error illo voluptatibus omnis harum.', 'perferendis', 17, 'laudantium', 82, 14);
INSERT INTO `Producte` (`codiProducte`, `descripcio`, `unitatMesura`, `pes`, `marca`, `PVP`, `IVA`) VALUES ('6755frp', 'Quo laudantium nostrum numquam tempore libero distinctio non.', 'aperiam', 2, 'minus', 54, 23);
INSERT INTO `Producte` (`codiProducte`, `descripcio`, `unitatMesura`, `pes`, `marca`, `PVP`, `IVA`) VALUES ('6852uwc', 'Unde fugiat eveniet consequatur sunt et doloremque distinctio.', 'nihil', 61, 'porro', 5, 15);
INSERT INTO `Producte` (`codiProducte`, `descripcio`, `unitatMesura`, `pes`, `marca`, `PVP`, `IVA`) VALUES ('6910kkx', 'Nisi dolores autem ad maiores sunt qui.', 'est', 47, 'veniam', 6, 24);
INSERT INTO `Producte` (`codiProducte`, `descripcio`, `unitatMesura`, `pes`, `marca`, `PVP`, `IVA`) VALUES ('7009cfv', 'Molestias est quisquam minima quae molestias voluptatem officiis.', 'fuga', 86, 'labore', 31, 18);
INSERT INTO `Producte` (`codiProducte`, `descripcio`, `unitatMesura`, `pes`, `marca`, `PVP`, `IVA`) VALUES ('7134epo', 'Qui quae occaecati sed.', 'ullam', 74, 'distinctio', 99, 18);
INSERT INTO `Producte` (`codiProducte`, `descripcio`, `unitatMesura`, `pes`, `marca`, `PVP`, `IVA`) VALUES ('7148xyx', 'Necessitatibus repellendus aspernatur laboriosam qui vitae voluptatem.', 'id', 66, 'tempore', 97, 24);
INSERT INTO `Producte` (`codiProducte`, `descripcio`, `unitatMesura`, `pes`, `marca`, `PVP`, `IVA`) VALUES ('7490krv', 'Eveniet neque laborum odio ut dolorem.', 'et', 95, 'enim', 98, 5);
INSERT INTO `Producte` (`codiProducte`, `descripcio`, `unitatMesura`, `pes`, `marca`, `PVP`, `IVA`) VALUES ('7544ith', 'Consectetur sed cupiditate minus culpa est ullam.', 'voluptatum', 76, 'saepe', 30, 14);
INSERT INTO `Producte` (`codiProducte`, `descripcio`, `unitatMesura`, `pes`, `marca`, `PVP`, `IVA`) VALUES ('7544svt', 'Consequuntur est non ullam ipsum ut.', 'sunt', 19, 'beatae', 21, 18);
INSERT INTO `Producte` (`codiProducte`, `descripcio`, `unitatMesura`, `pes`, `marca`, `PVP`, `IVA`) VALUES ('7632jqj', 'Modi quisquam iure maxime repellat ea exercitationem natus nobis.', 'cum', 72, 'in', 78, 23);
INSERT INTO `Producte` (`codiProducte`, `descripcio`, `unitatMesura`, `pes`, `marca`, `PVP`, `IVA`) VALUES ('7678kln', 'Sunt id molestiae atque vero veniam modi ut rerum.', 'fuga', 77, 'qui', 89, 16);
INSERT INTO `Producte` (`codiProducte`, `descripcio`, `unitatMesura`, `pes`, `marca`, `PVP`, `IVA`) VALUES ('7737fdd', 'Tenetur possimus vitae quia et nisi.', 'quia', 83, 'ipsa', 54, 7);
INSERT INTO `Producte` (`codiProducte`, `descripcio`, `unitatMesura`, `pes`, `marca`, `PVP`, `IVA`) VALUES ('7840dpo', 'Id ut rerum est laboriosam vero.', 'sint', 72, 'neque', 70, 23);
INSERT INTO `Producte` (`codiProducte`, `descripcio`, `unitatMesura`, `pes`, `marca`, `PVP`, `IVA`) VALUES ('8101jqa', 'Ut consectetur animi voluptatem corporis libero.', 'ipsam', 85, 'cupiditate', 6, 16);
INSERT INTO `Producte` (`codiProducte`, `descripcio`, `unitatMesura`, `pes`, `marca`, `PVP`, `IVA`) VALUES ('8187ote', 'Et ut incidunt magnam eum quaerat et.', 'quo', 59, 'nesciunt', 48, 24);
INSERT INTO `Producte` (`codiProducte`, `descripcio`, `unitatMesura`, `pes`, `marca`, `PVP`, `IVA`) VALUES ('8188ujn', 'Accusantium distinctio et praesentium et ea beatae.', 'non', 48, 'praesentium', 79, 16);
INSERT INTO `Producte` (`codiProducte`, `descripcio`, `unitatMesura`, `pes`, `marca`, `PVP`, `IVA`) VALUES ('8202lmb', 'Consectetur error voluptate qui soluta error ut dolores porro.', 'vero', 11, 'similique', 9, 20);
INSERT INTO `Producte` (`codiProducte`, `descripcio`, `unitatMesura`, `pes`, `marca`, `PVP`, `IVA`) VALUES ('8267noy', 'Eos officia molestiae eius reprehenderit.', 'nemo', 12, 'fuga', 86, 21);
INSERT INTO `Producte` (`codiProducte`, `descripcio`, `unitatMesura`, `pes`, `marca`, `PVP`, `IVA`) VALUES ('8341xpv', 'Ex voluptatem veritatis laboriosam voluptatem dignissimos.', 'quo', 74, 'et', 62, 5);
INSERT INTO `Producte` (`codiProducte`, `descripcio`, `unitatMesura`, `pes`, `marca`, `PVP`, `IVA`) VALUES ('8399lqg', 'Dolor cumque quaerat eos reiciendis et quam rerum et.', 'accusamus', 30, 'voluptatum', 11, 17);
INSERT INTO `Producte` (`codiProducte`, `descripcio`, `unitatMesura`, `pes`, `marca`, `PVP`, `IVA`) VALUES ('8488ddd', 'Quam ea suscipit omnis nihil beatae.', 'et', 72, 'eligendi', 73, 25);
INSERT INTO `Producte` (`codiProducte`, `descripcio`, `unitatMesura`, `pes`, `marca`, `PVP`, `IVA`) VALUES ('8500zgt', 'Quas dolorem deserunt provident natus.', 'nemo', 41, 'dolorem', 44, 21);
INSERT INTO `Producte` (`codiProducte`, `descripcio`, `unitatMesura`, `pes`, `marca`, `PVP`, `IVA`) VALUES ('8522uvp', 'Ab voluptates voluptatem voluptates.', 'facere', 76, 'non', 97, 12);
INSERT INTO `Producte` (`codiProducte`, `descripcio`, `unitatMesura`, `pes`, `marca`, `PVP`, `IVA`) VALUES ('8565phu', 'Voluptatem perspiciatis accusamus molestias commodi.', 'expedita', 77, 'maiores', 4, 5);
INSERT INTO `Producte` (`codiProducte`, `descripcio`, `unitatMesura`, `pes`, `marca`, `PVP`, `IVA`) VALUES ('9088ypi', 'Ut officiis voluptatibus et recusandae quo sit quia.', 'laudantium', 42, 'quam', 48, 12);
INSERT INTO `Producte` (`codiProducte`, `descripcio`, `unitatMesura`, `pes`, `marca`, `PVP`, `IVA`) VALUES ('9419dkw', 'Odit et impedit accusamus et accusantium dignissimos.', 'voluptatum', 55, 'alias', 45, 19);
INSERT INTO `Producte` (`codiProducte`, `descripcio`, `unitatMesura`, `pes`, `marca`, `PVP`, `IVA`) VALUES ('9695xsn', 'Labore enim quasi rerum voluptatem labore.', 'non', 26, 'consectetur', 81, 16);
INSERT INTO `Producte` (`codiProducte`, `descripcio`, `unitatMesura`, `pes`, `marca`, `PVP`, `IVA`) VALUES ('9784evt', 'Suscipit quia autem quae voluptatem et.', 'pariatur', 97, 'nesciunt', 42, 8);
INSERT INTO `Producte` (`codiProducte`, `descripcio`, `unitatMesura`, `pes`, `marca`, `PVP`, `IVA`) VALUES ('9862jxj', 'Tempore accusantium quibusdam impedit accusantium molestias.', 'amet', 38, 'veniam', 76, 13);
INSERT INTO `Producte` (`codiProducte`, `descripcio`, `unitatMesura`, `pes`, `marca`, `PVP`, `IVA`) VALUES ('9976qdf', 'Minus recusandae voluptatum assumenda voluptatum.', 'sit', 74, 'unde', 92, 7);

-- Insert Producte-Compra --
INSERT INTO `Producte_Compra` (`codiCompra`, `codiProducte`, `nombreUnitats`) VALUES (8108, '0100ues', 67);
INSERT INTO `Producte_Compra` (`codiCompra`, `codiProducte`, `nombreUnitats`) VALUES (8108, '1803tcn', 20);
INSERT INTO `Producte_Compra` (`codiCompra`, `codiProducte`, `nombreUnitats`) VALUES (8108, '2952nlk', 96);
INSERT INTO `Producte_Compra` (`codiCompra`, `codiProducte`, `nombreUnitats`) VALUES (8108, '5176wpx', 842);
INSERT INTO `Producte_Compra` (`codiCompra`, `codiProducte`, `nombreUnitats`) VALUES (8108, '7678kln', 758);
INSERT INTO `Producte_Compra` (`codiCompra`, `codiProducte`, `nombreUnitats`) VALUES (57432, '1803tcn', 45);
INSERT INTO `Producte_Compra` (`codiCompra`, `codiProducte`, `nombreUnitats`) VALUES (57432, '0100ues', 67);
INSERT INTO `Producte_Compra` (`codiCompra`, `codiProducte`, `nombreUnitats`) VALUES (57432, '0134dpo', 930);
INSERT INTO `Producte_Compra` (`codiCompra`, `codiProducte`, `nombreUnitats`) VALUES (57432, '1875mfe', 972);
INSERT INTO `Producte_Compra` (`codiCompra`, `codiProducte`, `nombreUnitats`) VALUES (57432, '3210qby', 110);
INSERT INTO `Producte_Compra` (`codiCompra`, `codiProducte`, `nombreUnitats`) VALUES (57432, '5177vrd', 908);
INSERT INTO `Producte_Compra` (`codiCompra`, `codiProducte`, `nombreUnitats`) VALUES (57432, '7737fdd', 638);
INSERT INTO `Producte_Compra` (`codiCompra`, `codiProducte`, `nombreUnitats`) VALUES (89942, '0177res', 1000);
INSERT INTO `Producte_Compra` (`codiCompra`, `codiProducte`, `nombreUnitats`) VALUES (89942, '1893bbp', 61);
INSERT INTO `Producte_Compra` (`codiCompra`, `codiProducte`, `nombreUnitats`) VALUES (89942, '3243ebe', 340);
INSERT INTO `Producte_Compra` (`codiCompra`, `codiProducte`, `nombreUnitats`) VALUES (89942, '5778cae', 217);
INSERT INTO `Producte_Compra` (`codiCompra`, `codiProducte`, `nombreUnitats`) VALUES (89942, '7840dpo', 572);
INSERT INTO `Producte_Compra` (`codiCompra`, `codiProducte`, `nombreUnitats`) VALUES (105656, '0187blb', 681);
INSERT INTO `Producte_Compra` (`codiCompra`, `codiProducte`, `nombreUnitats`) VALUES (105656, '1930ziq', 670);
INSERT INTO `Producte_Compra` (`codiCompra`, `codiProducte`, `nombreUnitats`) VALUES (105656, '3285jub', 133);
INSERT INTO `Producte_Compra` (`codiCompra`, `codiProducte`, `nombreUnitats`) VALUES (105656, '5800pco', 172);
INSERT INTO `Producte_Compra` (`codiCompra`, `codiProducte`, `nombreUnitats`) VALUES (105656, '8101jqa', 421);
INSERT INTO `Producte_Compra` (`codiCompra`, `codiProducte`, `nombreUnitats`) VALUES (193103, '0271sfc', 751);
INSERT INTO `Producte_Compra` (`codiCompra`, `codiProducte`, `nombreUnitats`) VALUES (193103, '2012rlm', 562);
INSERT INTO `Producte_Compra` (`codiCompra`, `codiProducte`, `nombreUnitats`) VALUES (193103, '3429hzw', 712);
INSERT INTO `Producte_Compra` (`codiCompra`, `codiProducte`, `nombreUnitats`) VALUES (193103, '6131suk', 341);
INSERT INTO `Producte_Compra` (`codiCompra`, `codiProducte`, `nombreUnitats`) VALUES (193103, '8187ote', 189);
INSERT INTO `Producte_Compra` (`codiCompra`, `codiProducte`, `nombreUnitats`) VALUES (258405, '0286yxc', 401);
INSERT INTO `Producte_Compra` (`codiCompra`, `codiProducte`, `nombreUnitats`) VALUES (258405, '2056vwi', 644);
INSERT INTO `Producte_Compra` (`codiCompra`, `codiProducte`, `nombreUnitats`) VALUES (258405, '3440hjc', 437);
INSERT INTO `Producte_Compra` (`codiCompra`, `codiProducte`, `nombreUnitats`) VALUES (258405, '6139mjl', 649);
INSERT INTO `Producte_Compra` (`codiCompra`, `codiProducte`, `nombreUnitats`) VALUES (258405, '8188ujn', 39);
INSERT INTO `Producte_Compra` (`codiCompra`, `codiProducte`, `nombreUnitats`) VALUES (258405, '2107cfu', 102);
INSERT INTO `Producte_Compra` (`codiCompra`, `codiProducte`, `nombreUnitats`) VALUES (332235, '0446qit', 357);
INSERT INTO `Producte_Compra` (`codiCompra`, `codiProducte`, `nombreUnitats`) VALUES (332235, '2107cfu', 731);
INSERT INTO `Producte_Compra` (`codiCompra`, `codiProducte`, `nombreUnitats`) VALUES (332235, '3443oli', 236);
INSERT INTO `Producte_Compra` (`codiCompra`, `codiProducte`, `nombreUnitats`) VALUES (332235, '6140lbr', 875);
INSERT INTO `Producte_Compra` (`codiCompra`, `codiProducte`, `nombreUnitats`) VALUES (332235, '8202lmb', 463);
INSERT INTO `Producte_Compra` (`codiCompra`, `codiProducte`, `nombreUnitats`) VALUES (393857, '0715kib', 436);
INSERT INTO `Producte_Compra` (`codiCompra`, `codiProducte`, `nombreUnitats`) VALUES (393857, '2265ncd', 429);
INSERT INTO `Producte_Compra` (`codiCompra`, `codiProducte`, `nombreUnitats`) VALUES (393857, '3496jfo', 508);
INSERT INTO `Producte_Compra` (`codiCompra`, `codiProducte`, `nombreUnitats`) VALUES (393857, '6184lrp', 247);
INSERT INTO `Producte_Compra` (`codiCompra`, `codiProducte`, `nombreUnitats`) VALUES (393857, '8267noy', 766);
INSERT INTO `Producte_Compra` (`codiCompra`, `codiProducte`, `nombreUnitats`) VALUES (642609, '0903myq', 498);
INSERT INTO `Producte_Compra` (`codiCompra`, `codiProducte`, `nombreUnitats`) VALUES (642609, '2338gqg', 832);
INSERT INTO `Producte_Compra` (`codiCompra`, `codiProducte`, `nombreUnitats`) VALUES (642609, '3551cdu', 991);
INSERT INTO `Producte_Compra` (`codiCompra`, `codiProducte`, `nombreUnitats`) VALUES (642609, '6216pha', 139);
INSERT INTO `Producte_Compra` (`codiCompra`, `codiProducte`, `nombreUnitats`) VALUES (642609, '8341xpv', 870);
INSERT INTO `Producte_Compra` (`codiCompra`, `codiProducte`, `nombreUnitats`) VALUES (644408, '0940zxm', 776);
INSERT INTO `Producte_Compra` (`codiCompra`, `codiProducte`, `nombreUnitats`) VALUES (644408, '2346koy', 916);
INSERT INTO `Producte_Compra` (`codiCompra`, `codiProducte`, `nombreUnitats`) VALUES (644408, '3684gwl', 408);
INSERT INTO `Producte_Compra` (`codiCompra`, `codiProducte`, `nombreUnitats`) VALUES (644408, '6706lkc', 431);
INSERT INTO `Producte_Compra` (`codiCompra`, `codiProducte`, `nombreUnitats`) VALUES (644408, '8399lqg', 756);
INSERT INTO `Producte_Compra` (`codiCompra`, `codiProducte`, `nombreUnitats`) VALUES (665205, '1080zxq', 702);
INSERT INTO `Producte_Compra` (`codiCompra`, `codiProducte`, `nombreUnitats`) VALUES (665205, '2385wdo', 721);
INSERT INTO `Producte_Compra` (`codiCompra`, `codiProducte`, `nombreUnitats`) VALUES (665205, '3741wiw', 242);
INSERT INTO `Producte_Compra` (`codiCompra`, `codiProducte`, `nombreUnitats`) VALUES (665205, '6755frp', 663);
INSERT INTO `Producte_Compra` (`codiCompra`, `codiProducte`, `nombreUnitats`) VALUES (665205, '8488ddd', 60);
INSERT INTO `Producte_Compra` (`codiCompra`, `codiProducte`, `nombreUnitats`) VALUES (673150, '1123lgf', 633);
INSERT INTO `Producte_Compra` (`codiCompra`, `codiProducte`, `nombreUnitats`) VALUES (673150, '2393jxr', 165);
INSERT INTO `Producte_Compra` (`codiCompra`, `codiProducte`, `nombreUnitats`) VALUES (673150, '3965kef', 126);
INSERT INTO `Producte_Compra` (`codiCompra`, `codiProducte`, `nombreUnitats`) VALUES (673150, '6852uwc', 884);
INSERT INTO `Producte_Compra` (`codiCompra`, `codiProducte`, `nombreUnitats`) VALUES (673150, '8500zgt', 709);
INSERT INTO `Producte_Compra` (`codiCompra`, `codiProducte`, `nombreUnitats`) VALUES (673944, '1142qkv', 138);
INSERT INTO `Producte_Compra` (`codiCompra`, `codiProducte`, `nombreUnitats`) VALUES (673944, '2399uvg', 288);
INSERT INTO `Producte_Compra` (`codiCompra`, `codiProducte`, `nombreUnitats`) VALUES (673944, '4071ejl', 822);
INSERT INTO `Producte_Compra` (`codiCompra`, `codiProducte`, `nombreUnitats`) VALUES (673944, '6910kkx', 799);
INSERT INTO `Producte_Compra` (`codiCompra`, `codiProducte`, `nombreUnitats`) VALUES (673944, '8522uvp', 102);
INSERT INTO `Producte_Compra` (`codiCompra`, `codiProducte`, `nombreUnitats`) VALUES (720808, '1289lsf', 789);
INSERT INTO `Producte_Compra` (`codiCompra`, `codiProducte`, `nombreUnitats`) VALUES (720808, '2453lxd', 972);
INSERT INTO `Producte_Compra` (`codiCompra`, `codiProducte`, `nombreUnitats`) VALUES (720808, '4268nnk', 956);
INSERT INTO `Producte_Compra` (`codiCompra`, `codiProducte`, `nombreUnitats`) VALUES (720808, '7009cfv', 363);
INSERT INTO `Producte_Compra` (`codiCompra`, `codiProducte`, `nombreUnitats`) VALUES (720808, '8565phu', 282);
INSERT INTO `Producte_Compra` (`codiCompra`, `codiProducte`, `nombreUnitats`) VALUES (781522, '1349vlo', 197);
INSERT INTO `Producte_Compra` (`codiCompra`, `codiProducte`, `nombreUnitats`) VALUES (781522, '2510vir', 749);
INSERT INTO `Producte_Compra` (`codiCompra`, `codiProducte`, `nombreUnitats`) VALUES (781522, '4397phk', 567);
INSERT INTO `Producte_Compra` (`codiCompra`, `codiProducte`, `nombreUnitats`) VALUES (781522, '7134epo', 192);
INSERT INTO `Producte_Compra` (`codiCompra`, `codiProducte`, `nombreUnitats`) VALUES (781522, '9088ypi', 74);
INSERT INTO `Producte_Compra` (`codiCompra`, `codiProducte`, `nombreUnitats`) VALUES (782726, '1541zgi', 969);
INSERT INTO `Producte_Compra` (`codiCompra`, `codiProducte`, `nombreUnitats`) VALUES (782726, '2537uab', 801);
INSERT INTO `Producte_Compra` (`codiCompra`, `codiProducte`, `nombreUnitats`) VALUES (782726, '4502inm', 912);
INSERT INTO `Producte_Compra` (`codiCompra`, `codiProducte`, `nombreUnitats`) VALUES (782726, '7148xyx', 637);
INSERT INTO `Producte_Compra` (`codiCompra`, `codiProducte`, `nombreUnitats`) VALUES (782726, '9419dkw', 521);
INSERT INTO `Producte_Compra` (`codiCompra`, `codiProducte`, `nombreUnitats`) VALUES (846036, '1699pru', 877);
INSERT INTO `Producte_Compra` (`codiCompra`, `codiProducte`, `nombreUnitats`) VALUES (846036, '2785yjx', 914);
INSERT INTO `Producte_Compra` (`codiCompra`, `codiProducte`, `nombreUnitats`) VALUES (846036, '4512exi', 603);
INSERT INTO `Producte_Compra` (`codiCompra`, `codiProducte`, `nombreUnitats`) VALUES (846036, '7490krv', 216);
INSERT INTO `Producte_Compra` (`codiCompra`, `codiProducte`, `nombreUnitats`) VALUES (846036, '9695xsn', 13);
INSERT INTO `Producte_Compra` (`codiCompra`, `codiProducte`, `nombreUnitats`) VALUES (879862, '1727azk', 579);
INSERT INTO `Producte_Compra` (`codiCompra`, `codiProducte`, `nombreUnitats`) VALUES (879862, '2865nke', 899);
INSERT INTO `Producte_Compra` (`codiCompra`, `codiProducte`, `nombreUnitats`) VALUES (879862, '4516kps', 951);
INSERT INTO `Producte_Compra` (`codiCompra`, `codiProducte`, `nombreUnitats`) VALUES (879862, '7544ith', 531);
INSERT INTO `Producte_Compra` (`codiCompra`, `codiProducte`, `nombreUnitats`) VALUES (879862, '9784evt', 917);
INSERT INTO `Producte_Compra` (`codiCompra`, `codiProducte`, `nombreUnitats`) VALUES (941437, '1759las', 979);
INSERT INTO `Producte_Compra` (`codiCompra`, `codiProducte`, `nombreUnitats`) VALUES (941437, '2879sol', 171);
INSERT INTO `Producte_Compra` (`codiCompra`, `codiProducte`, `nombreUnitats`) VALUES (941437, '4783wxf', 496);
INSERT INTO `Producte_Compra` (`codiCompra`, `codiProducte`, `nombreUnitats`) VALUES (941437, '7544svt', 178);
INSERT INTO `Producte_Compra` (`codiCompra`, `codiProducte`, `nombreUnitats`) VALUES (941437, '9862jxj', 931);
INSERT INTO `Producte_Compra` (`codiCompra`, `codiProducte`, `nombreUnitats`) VALUES (948405, '1798ejb', 546);
INSERT INTO `Producte_Compra` (`codiCompra`, `codiProducte`, `nombreUnitats`) VALUES (948405, '2937lli', 268);
INSERT INTO `Producte_Compra` (`codiCompra`, `codiProducte`, `nombreUnitats`) VALUES (948405, '5124wmt', 630);
INSERT INTO `Producte_Compra` (`codiCompra`, `codiProducte`, `nombreUnitats`) VALUES (948405, '7632jqj', 468);
INSERT INTO `Producte_Compra` (`codiCompra`, `codiProducte`, `nombreUnitats`) VALUES (948405, '9976qdf', 575);

-- Insert Historial Descomptes --
INSERT INTO `Historial_Descomptes` (`numClient`, `codiProducte`, `data`, `percentatge`) VALUES (60, '0100ues', '1983-07-16', 20);
INSERT INTO `Historial_Descomptes` (`numClient`, `codiProducte`, `data`, `percentatge`) VALUES (82, '0134dpo', '2016-01-03', 13);
INSERT INTO `Historial_Descomptes` (`numClient`, `codiProducte`, `data`, `percentatge`) VALUES (120, '0177res', '1973-12-02', 19);
INSERT INTO `Historial_Descomptes` (`numClient`, `codiProducte`, `data`, `percentatge`) VALUES (139, '0187blb', '1990-11-11', 23);
INSERT INTO `Historial_Descomptes` (`numClient`, `codiProducte`, `data`, `percentatge`) VALUES (189, '0271sfc', '1991-08-08', 14);
INSERT INTO `Historial_Descomptes` (`numClient`, `codiProducte`, `data`, `percentatge`) VALUES (322, '0286yxc', '2011-02-28', 20);
INSERT INTO `Historial_Descomptes` (`numClient`, `codiProducte`, `data`, `percentatge`) VALUES (396, '0446qit', '2000-10-18', 37);
INSERT INTO `Historial_Descomptes` (`numClient`, `codiProducte`, `data`, `percentatge`) VALUES (447, '0715kib', '2008-12-28', 8);
INSERT INTO `Historial_Descomptes` (`numClient`, `codiProducte`, `data`, `percentatge`) VALUES (461, '0903myq', '1990-08-07', 21);
INSERT INTO `Historial_Descomptes` (`numClient`, `codiProducte`, `data`, `percentatge`) VALUES (515, '0940zxm', '1993-11-16', 32);
INSERT INTO `Historial_Descomptes` (`numClient`, `codiProducte`, `data`, `percentatge`) VALUES (534, '1080zxq', '1997-01-10', 36);
INSERT INTO `Historial_Descomptes` (`numClient`, `codiProducte`, `data`, `percentatge`) VALUES (650, '1123lgf', '2016-04-13', 26);
INSERT INTO `Historial_Descomptes` (`numClient`, `codiProducte`, `data`, `percentatge`) VALUES (735, '1142qkv', '2003-01-22', 19);
INSERT INTO `Historial_Descomptes` (`numClient`, `codiProducte`, `data`, `percentatge`) VALUES (761, '1289lsf', '1973-10-17', 35);
INSERT INTO `Historial_Descomptes` (`numClient`, `codiProducte`, `data`, `percentatge`) VALUES (833, '1349vlo', '1983-03-03', 12);
